<?xml version="1.0" encoding="utf-8" ?>
<dwsync>
<file name="Descr.WD3" server="ftp.vivecancun.com/multitod.com/__h_rosatourscancun/" local="130683309332831166" remote="130683250200000000" Dst="0" />
<file name="fontawesome-webfont.eot@" server="ftp.vivecancun.com/multitod.com/__h_rosatourscancun/" local="130683309333661715" remote="130683250200000000" Dst="0" />
<file name="fontawesome-webfont.eot@v=3.0.1" server="ftp.vivecancun.com/multitod.com/__h_rosatourscancun/" local="130683309334472258" remote="130683250200000000" Dst="0" />
<file name="fontawesome-webfont.ttf@v=3.0.1" server="ftp.vivecancun.com/multitod.com/__h_rosatourscancun/" local="130683309335272797" remote="130683250200000000" Dst="0" />
<file name="fontawesome-webfont3294.eot" server="ftp.vivecancun.com/multitod.com/__h_rosatourscancun/" local="130683309337334155" remote="130683250200000000" Dst="0" />
<file name="fontawesome-webfont.woff@v=3.0.1" server="ftp.vivecancun.com/multitod.com/__h_rosatourscancun/" local="130683309336193403" remote="130683250200000000" Dst="0" />
<file name="fontawesome-webfont3294.ttf" server="ftp.vivecancun.com/multitod.com/__h_rosatourscancun/" local="130683309338244764" remote="130683250200000000" Dst="0" />
<file name="fontawesome-webfontd41d.eot" server="ftp.vivecancun.com/multitod.com/__h_rosatourscancun/" local="130683309340126016" remote="130683250200000000" Dst="0" />
<file name="fontawesome-webfont3294.woff" server="ftp.vivecancun.com/multitod.com/__h_rosatourscancun/" local="130683309338875187" remote="130683250200000000" Dst="0" />
<file name="fontello.eot@31771571" server="ftp.vivecancun.com/multitod.com/__h_rosatourscancun/" local="130683309340886515" remote="130683250200000000" Dst="0" />
<file name="fontello.svg@31771571" server="ftp.vivecancun.com/multitod.com/__h_rosatourscancun/" local="130683309341767108" remote="130683250200000000" Dst="0" />
<file name="fontello.ttf@31771571" server="ftp.vivecancun.com/multitod.com/__h_rosatourscancun/" local="130683309342347494" remote="130683250200000000" Dst="0" />
<file name="fontello.woff@31771571" server="ftp.vivecancun.com/multitod.com/__h_rosatourscancun/" local="130683309343668380" remote="130683250200000000" Dst="0" />
<file name="fontello0bee.eot" server="ftp.vivecancun.com/multitod.com/__h_rosatourscancun/" local="130683309344018602" remote="130683250200000000" Dst="0" />
<file name="fontello0bee.svg" server="ftp.vivecancun.com/multitod.com/__h_rosatourscancun/" local="130683309345569631" remote="130683250200000000" Dst="0" />
<file name="fontello0bee.ttf" server="ftp.vivecancun.com/multitod.com/__h_rosatourscancun/" local="130683309346400187" remote="130683250200000000" Dst="0" />
<file name="fontello0bee.woff" server="ftp.vivecancun.com/multitod.com/__h_rosatourscancun/" local="130683309346810463" remote="130683250200000000" Dst="0" />
<file name="Descr.WD3" server="ftp.rosatourscancun.com/www/" local="130683309332831166" remote="130697498400000000" Dst="0" />
<file name="fontawesome-webfont.eot@" server="ftp.rosatourscancun.com/www/" local="130683309333661715" remote="130697498400000000" Dst="0" />
<file name="fontawesome-webfont.eot@v=3.0.1" server="ftp.rosatourscancun.com/www/" local="130683309334472258" remote="130697498400000000" Dst="0" />
<file name="fontawesome-webfont.ttf@v=3.0.1" server="ftp.rosatourscancun.com/www/" local="130683309335272797" remote="130697498400000000" Dst="0" />
<file name="fontawesome-webfont3294.eot" server="ftp.rosatourscancun.com/www/" local="130683309337334155" remote="130697498400000000" Dst="0" />
<file name="fontawesome-webfont.woff@v=3.0.1" server="ftp.rosatourscancun.com/www/" local="130683309336193403" remote="130697498400000000" Dst="0" />
<file name="fontawesome-webfont3294.ttf" server="ftp.rosatourscancun.com/www/" local="130683309338244764" remote="130697498400000000" Dst="0" />
<file name="fontawesome-webfontd41d.eot" server="ftp.rosatourscancun.com/www/" local="130683309340126016" remote="130697498400000000" Dst="0" />
<file name="fontawesome-webfont3294.woff" server="ftp.rosatourscancun.com/www/" local="130683309338875187" remote="130697498400000000" Dst="0" />
<file name="fontello.eot@31771571" server="ftp.rosatourscancun.com/www/" local="130683309340886515" remote="130697498400000000" Dst="0" />
<file name="fontello.svg@31771571" server="ftp.rosatourscancun.com/www/" local="130683309341767108" remote="130697498400000000" Dst="0" />
<file name="fontello.ttf@31771571" server="ftp.rosatourscancun.com/www/" local="130683309342347494" remote="130697498400000000" Dst="0" />
<file name="fontello.woff@31771571" server="ftp.rosatourscancun.com/www/" local="130683309343668380" remote="130697498400000000" Dst="0" />
<file name="fontello0bee.eot" server="ftp.rosatourscancun.com/www/" local="130683309344018602" remote="130697498400000000" Dst="0" />
<file name="fontello0bee.svg" server="ftp.rosatourscancun.com/www/" local="130683309345569631" remote="130697498400000000" Dst="0" />
<file name="fontello0bee.ttf" server="ftp.rosatourscancun.com/www/" local="130683309346400187" remote="130697498400000000" Dst="0" />
<file name="fontello0bee.woff" server="ftp.rosatourscancun.com/www/" local="130683309346810463" remote="130697498400000000" Dst="0" />
<file name="Descr.WD3" server="hoteles-tours-traslados-en-cancun-ofertas-para-mexicanos.com/public_html/" local="130683309332831166" remote="130912187400000000" Dst="0" />
<file name="fontawesome-webfont.eot@" server="hoteles-tours-traslados-en-cancun-ofertas-para-mexicanos.com/public_html/" local="130683309333661715" remote="130912187400000000" Dst="0" />
<file name="fontawesome-webfont.eot@v=3.0.1" server="hoteles-tours-traslados-en-cancun-ofertas-para-mexicanos.com/public_html/" local="130683309334472258" remote="130912187400000000" Dst="0" />
<file name="fontawesome-webfont.ttf@v=3.0.1" server="hoteles-tours-traslados-en-cancun-ofertas-para-mexicanos.com/public_html/" local="130683309335272797" remote="130912187400000000" Dst="0" />
<file name="fontawesome-webfont3294.eot" server="hoteles-tours-traslados-en-cancun-ofertas-para-mexicanos.com/public_html/" local="130683309337334155" remote="130912187400000000" Dst="0" />
<file name="fontawesome-webfont.woff@v=3.0.1" server="hoteles-tours-traslados-en-cancun-ofertas-para-mexicanos.com/public_html/" local="130683309336193403" remote="130912187400000000" Dst="0" />
<file name="fontawesome-webfont3294.ttf" server="hoteles-tours-traslados-en-cancun-ofertas-para-mexicanos.com/public_html/" local="130683309338244764" remote="130912187400000000" Dst="0" />
<file name="fontawesome-webfontd41d.eot" server="hoteles-tours-traslados-en-cancun-ofertas-para-mexicanos.com/public_html/" local="130683309340126016" remote="130912188000000000" Dst="0" />
<file name="fontawesome-webfont3294.woff" server="hoteles-tours-traslados-en-cancun-ofertas-para-mexicanos.com/public_html/" local="130683309338875187" remote="130912188000000000" Dst="0" />
<file name="fontello.eot@31771571" server="hoteles-tours-traslados-en-cancun-ofertas-para-mexicanos.com/public_html/" local="130683309340886515" remote="130912188000000000" Dst="0" />
<file name="fontello.svg@31771571" server="hoteles-tours-traslados-en-cancun-ofertas-para-mexicanos.com/public_html/" local="130683309341767108" remote="130912188000000000" Dst="0" />
<file name="fontello.ttf@31771571" server="hoteles-tours-traslados-en-cancun-ofertas-para-mexicanos.com/public_html/" local="130683309342347494" remote="130912188000000000" Dst="0" />
<file name="fontello.woff@31771571" server="hoteles-tours-traslados-en-cancun-ofertas-para-mexicanos.com/public_html/" local="130683309343668380" remote="130912188000000000" Dst="0" />
<file name="fontello0bee.eot" server="hoteles-tours-traslados-en-cancun-ofertas-para-mexicanos.com/public_html/" local="130683309344018602" remote="130912188000000000" Dst="0" />
<file name="fontello0bee.svg" server="hoteles-tours-traslados-en-cancun-ofertas-para-mexicanos.com/public_html/" local="130683309345569631" remote="130912188000000000" Dst="0" />
<file name="fontello0bee.ttf" server="hoteles-tours-traslados-en-cancun-ofertas-para-mexicanos.com/public_html/" local="130683309346400187" remote="130912188000000000" Dst="0" />
<file name="fontello0bee.woff" server="hoteles-tours-traslados-en-cancun-ofertas-para-mexicanos.com/public_html/" local="130683309346810463" remote="130912188000000000" Dst="0" />
<file name="Descr.WD3" server="ftp.caribbeanseahotels.com" local="130683309332831166" remote="130921771800000000" Dst="0" />
<file name="fontawesome-webfont.eot@v=3.0.1" server="ftp.caribbeanseahotels.com" local="130683309334472258" remote="130921771800000000" Dst="0" />
<file name="fontawesome-webfont.eot@" server="ftp.caribbeanseahotels.com" local="130683309333661715" remote="130921771800000000" Dst="0" />
<file name="fontawesome-webfont.ttf@v=3.0.1" server="ftp.caribbeanseahotels.com" local="130683309335272797" remote="130921771800000000" Dst="0" />
<file name="fontawesome-webfont3294.eot" server="ftp.caribbeanseahotels.com" local="130683309337334155" remote="130921771800000000" Dst="0" />
<file name="fontawesome-webfont.woff@v=3.0.1" server="ftp.caribbeanseahotels.com" local="130683309336193403" remote="130921771800000000" Dst="0" />
<file name="fontawesome-webfont3294.ttf" server="ftp.caribbeanseahotels.com" local="130683309338244764" remote="130921771800000000" Dst="0" />
<file name="fontawesome-webfontd41d.eot" server="ftp.caribbeanseahotels.com" local="130683309340126016" remote="130921771800000000" Dst="0" />
<file name="fontawesome-webfont3294.woff" server="ftp.caribbeanseahotels.com" local="130683309338875187" remote="130921771800000000" Dst="0" />
<file name="fontello.eot@31771571" server="ftp.caribbeanseahotels.com" local="130683309340886515" remote="130921771800000000" Dst="0" />
<file name="fontello.svg@31771571" server="ftp.caribbeanseahotels.com" local="130683309341767108" remote="130921771800000000" Dst="0" />
<file name="fontello.ttf@31771571" server="ftp.caribbeanseahotels.com" local="130683309342347494" remote="130921771800000000" Dst="0" />
<file name="fontello.woff@31771571" server="ftp.caribbeanseahotels.com" local="130683309343668380" remote="130921771800000000" Dst="0" />
<file name="fontello0bee.eot" server="ftp.caribbeanseahotels.com" local="130683309344018602" remote="130921771800000000" Dst="0" />
<file name="fontello0bee.svg" server="ftp.caribbeanseahotels.com" local="130683309345569631" remote="130921771800000000" Dst="0" />
<file name="fontello0bee.ttf" server="ftp.caribbeanseahotels.com" local="130683309346400187" remote="130921771800000000" Dst="0" />
<file name="fontello0bee.woff" server="ftp.caribbeanseahotels.com" local="130683309346810463" remote="130921771800000000" Dst="0" />
</dwsync>